{"siteName":"Dental Solutions","metaData":{"siteTitle":"Babel Blogs, Multi-lingual Web Systems","keywords":"","description":""},"design":{"theme":"demo","customCSS":"/path/","favicon":"/path/","logo":"/path/","appIcons":{"ios":{"0":"/* IOS ICONS */"},"android":{"0":"/* ANDROID ICONS */"},"windows":{"0":"/* WINDOWS ICONS */"},"blackberry":{"0":"/* BLACKBERRY ICONS */"},"kindle":{"0":"/* KINDLE ICONS */"},"tizen":{"0":"/* TIZEN ICONS */"}}},"pages":[{"description":"Home Page.","pageId":"0","parentId":"","sectionID":"","title":"Home","url":"/","metaData":{"googlePlus":{"name":"","description":"","image":""},"twitter":{"card":"summary_large_image","site":"http://mysite.com","title":"Page Title","description":"Description of the page","creator":"Babel Blogs, LLC"},"openGraph":{"title":"","type":"","url":"","image":"","description":"","site_name":"Babel Blogs Demo"},"seo":{"title":"","description":""}},"content":"<div id=\"bb-rich-text1\" bb-element=\"bb-image\" class=\"ng-scope\" style=\"top: 103px; left: 579px;\"><img src=\"/images/custom/dentist.jpg\" alt=\"\"></div>\t\t\t\t\t\t<div id=\"bb-rich-text2\" bb-element=\"bb-rich-text\" class=\"ng-scope\" style=\"top: 459px; left: 470px;\"><h2>We are experts in dental solutions.</h2></div>"},{"description":"About Us.","pageId":"1","parentID":"","sectionID":"","title":"About US","url":"about","metaData":{"googlePlus":{"name":"","description":"","image":""},"twitter":{"card":"summary_large_image","site":"http://mysite.com","title":"Page Title","description":"Description of the page","creator":"Babel Blogs, LLC"},"openGraph":{"title":"","type":"","url":"","image":"","description":"","site_name":"Babel Blogs Demo"},"seo":{"title":"","description":""}},"content":"<div id=\"bb-rich-text1\" bb-element=\"bb-rich-text\" style=\"width: 460px; top: 170px; left: 308px;\" class=\"ng-scope\"><p>I'm a paragraph. Click here to add your own text and edit me. It’s easy. Just click “Edit Text” or double click me and you can start adding your own content and make changes to the font. Feel free to drag and drop me anywhere you like on your page. I’m a great place for you to tell a story and let your users know a little more about you.\t\t\t\t\t\t​\t\t\t\t\t\t<br><br>This is a great space to write long text about your company and your services. You can use this space to go into a little more detail about your company. Talk about your team and what services you provide. Tell your visitors the story of how you came up with the idea for your business.</p></div>\t\t\t\t\t\t<div bb-element=\"bb-image\" class=\"ng-scope\" style=\"top: 162px; left: 795px;\"><img src=\"/images/custom/dentist02.jpg\" alt=\"\" width=\"320\"></div>"}]}